id,group,first_name,email,score,joined
1,beta,blake,blake1@example.com,,2024-01-02
2,gamma,casey,casey2@example.com,52.5,
3,delta,drew,drew3@example.com,53.5,2024-01-04
4,alpha,eden,eden4@example.com,54.5,2024-01-05
5,beta,frank,frank5@example.com,55.5,2024-01-06
6,gamma,gray,gray6@example.com,56.5,2024-01-07
7,delta,harper,harper7@example.com,57.5,2024-01-08
8,alpha,alex,alex8@example.com,58.5,2024-01-09
9,beta,blake,blake9@example.com,59.5,2024-01-10
10,gamma,casey,casey10@example.com,60.5,2024-01-11
11,delta,drew,drew11@example.com,61.5,2024-01-12
12,alpha,eden,eden12@example.com,62.5,2024-01-13
13,beta,frank,frank13@example.com,63.5,2024-01-14
14,gamma,gray,gray14@example.com,64.5,2024-01-15
15,delta,harper,harper15@example.com,65.5,2024-01-16
16,alpha,alex,alex16@example.com,66.5,2024-01-17
17,beta,blake,blake17@example.com,67.5,2024-01-18
18,gamma,casey,casey18@example.com,68.5,2024-01-19
19,delta,drew,drew19@example.com,69.5,2024-01-20
20,,eden,eden20@example.com,70.5,2024-01-21
21,beta,frank,frank21@example.com,,2024-01-22
22,gamma,gray,gray22@example.com,72.5,
23,delta,harper,harper23@example.com,73.5,2024-01-24
24,alpha,alex,alex24@example.com,74.5,2024-01-25
25,beta,blake,blake25@example.com,75.5,2024-01-26
26,gamma,casey,casey26@example.com,76.5,2024-01-27
27,delta,drew,drew27@example.com,77.5,2024-01-28
28,alpha,eden,eden28@example.com,78.5,2024-01-29
29,beta,frank,frank29@example.com,79.5,2024-01-30
30,gamma,gray,gray30@example.com,80.5,2024-01-31
31,delta,harper,harper31@example.com,81.5,2024-02-01
32,alpha,alex,alex32@example.com,82.5,2024-02-02
33,beta,blake,blake33@example.com,83.5,2024-02-03
34,gamma,casey,casey34@example.com,84.5,2024-02-04
35,delta,drew,drew35@example.com,85.5,2024-02-05
36,alpha,eden,eden36@example.com,86.5,2024-02-06
37,beta,frank,frank37@example.com,87.5,2024-02-07
38,gamma,gray,gray38@example.com,88.5,2024-02-08
39,delta,harper,harper39@example.com,89.5,2024-02-09
40,,alex,alex40@example.com,90.5,2024-02-10
41,beta,blake,blake41@example.com,,2024-02-11
42,gamma,casey,casey42@example.com,92.5,
43,delta,drew,drew43@example.com,93.5,2024-02-13
44,alpha,eden,eden44@example.com,94.5,2024-02-14
45,beta,frank,frank45@example.com,95.5,2024-02-15
46,gamma,gray,gray46@example.com,96.5,2024-02-16
47,delta,harper,harper47@example.com,97.5,2024-02-17
48,alpha,alex,alex48@example.com,98.5,2024-02-18
49,beta,blake,blake49@example.com,99.5,2024-02-19
50,gamma,casey,casey50@example.com,50.5,2024-02-20
51,delta,drew,drew51@example.com,51.5,2024-02-21
52,alpha,eden,eden52@example.com,52.5,2024-02-22
53,beta,frank,frank53@example.com,53.5,2024-02-23
54,gamma,gray,gray54@example.com,54.5,2024-02-24
55,delta,harper,harper55@example.com,55.5,2024-02-25
56,alpha,alex,alex56@example.com,56.5,2024-02-26
57,beta,blake,blake57@example.com,57.5,2024-02-27
58,gamma,casey,casey58@example.com,58.5,2024-02-28
59,delta,drew,drew59@example.com,59.5,2024-02-29
60,,eden,eden60@example.com,60.5,2024-03-01
61,beta,frank,frank61@example.com,,2024-03-02
62,gamma,gray,gray62@example.com,62.5,
63,delta,harper,harper63@example.com,63.5,2024-03-04
64,alpha,alex,alex64@example.com,64.5,2024-03-05
65,beta,blake,blake65@example.com,65.5,2024-03-06
66,gamma,casey,casey66@example.com,66.5,2024-03-07
67,delta,drew,drew67@example.com,67.5,2024-03-08
68,alpha,eden,eden68@example.com,68.5,2024-03-09
69,beta,frank,frank69@example.com,69.5,2024-03-10
70,gamma,gray,gray70@example.com,70.5,2024-03-11
71,delta,harper,harper71@example.com,71.5,2024-03-12
72,alpha,alex,alex72@example.com,72.5,2024-03-13
73,beta,blake,blake73@example.com,73.5,2024-03-14
74,gamma,casey,casey74@example.com,74.5,2024-03-15
75,delta,drew,drew75@example.com,75.5,2024-03-16
76,alpha,eden,eden76@example.com,76.5,2024-03-17
77,beta,frank,frank77@example.com,77.5,2024-03-18
78,gamma,gray,gray78@example.com,78.5,2024-03-19
79,delta,harper,harper79@example.com,79.5,2024-03-20
80,,alex,alex80@example.com,80.5,2024-03-21
81,beta,blake,blake81@example.com,,2024-03-22
82,gamma,casey,casey82@example.com,82.5,
83,delta,drew,drew83@example.com,83.5,2024-03-24
84,alpha,eden,eden84@example.com,84.5,2024-03-25
85,beta,frank,frank85@example.com,85.5,2024-03-26
86,gamma,gray,gray86@example.com,86.5,2024-03-27
87,delta,harper,harper87@example.com,87.5,2024-03-28
88,alpha,alex,alex88@example.com,88.5,2024-03-29
89,beta,blake,blake89@example.com,89.5,2024-03-30
90,gamma,casey,casey90@example.com,90.5,2024-03-31
91,delta,drew,drew91@example.com,91.5,2024-04-01
92,alpha,eden,eden92@example.com,92.5,2024-04-02
93,beta,frank,frank93@example.com,93.5,2024-04-03
94,gamma,gray,gray94@example.com,94.5,2024-04-04
95,delta,harper,harper95@example.com,95.5,2024-04-05
96,alpha,alex,alex96@example.com,96.5,2024-04-06
97,beta,blake,blake97@example.com,97.5,2024-04-07
98,gamma,casey,casey98@example.com,98.5,2024-04-08
99,delta,drew,drew99@example.com,99.5,2024-04-09
100,,eden,eden100@example.com,50.5,2024-04-10
101,beta,frank,frank101@example.com,,2024-04-11
102,gamma,gray,gray102@example.com,52.5,
103,delta,harper,harper103@example.com,53.5,2024-04-13
104,alpha,alex,alex104@example.com,54.5,2024-04-14
105,beta,blake,blake105@example.com,55.5,2024-04-15
106,gamma,casey,casey106@example.com,56.5,2024-04-16
107,delta,drew,drew107@example.com,57.5,2024-04-17
108,alpha,eden,eden108@example.com,58.5,2024-04-18
109,beta,frank,frank109@example.com,59.5,2024-04-19
110,gamma,gray,gray110@example.com,60.5,2024-04-20
111,delta,harper,harper111@example.com,61.5,2024-04-21
112,alpha,alex,alex112@example.com,62.5,2024-04-22
113,beta,blake,blake113@example.com,63.5,2024-04-23
114,gamma,casey,casey114@example.com,64.5,2024-04-24
115,delta,drew,drew115@example.com,65.5,2024-04-25
116,alpha,eden,eden116@example.com,66.5,2024-04-26
117,beta,frank,frank117@example.com,67.5,2024-04-27
118,gamma,gray,gray118@example.com,68.5,2024-04-28
119,delta,harper,harper119@example.com,69.5,2024-04-29
120,,alex,alex120@example.com,70.5,2024-04-30
121,beta,blake,blake121@example.com,,2024-05-01
122,gamma,casey,casey122@example.com,72.5,
123,delta,drew,drew123@example.com,73.5,2024-05-03
124,alpha,eden,eden124@example.com,74.5,2024-05-04
125,beta,frank,frank125@example.com,75.5,2024-05-05
126,gamma,gray,gray126@example.com,76.5,2024-05-06
127,delta,harper,harper127@example.com,77.5,2024-05-07
128,alpha,alex,alex128@example.com,78.5,2024-05-08
129,beta,blake,blake129@example.com,79.5,2024-05-09
130,gamma,casey,casey130@example.com,80.5,2024-05-10
131,delta,drew,drew131@example.com,81.5,2024-05-11
132,alpha,eden,eden132@example.com,82.5,2024-05-12
133,beta,frank,frank133@example.com,83.5,2024-05-13
134,gamma,gray,gray134@example.com,84.5,2024-05-14
135,delta,harper,harper135@example.com,85.5,2024-05-15
136,alpha,alex,alex136@example.com,86.5,2024-05-16
137,beta,blake,blake137@example.com,87.5,2024-05-17
138,gamma,casey,casey138@example.com,88.5,2024-05-18
139,delta,drew,drew139@example.com,89.5,2024-05-19
140,,eden,eden140@example.com,90.5,2024-05-20
141,beta,frank,frank141@example.com,,2024-05-21
142,gamma,gray,gray142@example.com,92.5,
143,delta,harper,harper143@example.com,93.5,2024-05-23
144,alpha,alex,alex144@example.com,94.5,2024-05-24
145,beta,blake,blake145@example.com,95.5,2024-05-25
146,gamma,casey,casey146@example.com,96.5,2024-05-26
147,delta,drew,drew147@example.com,97.5,2024-05-27
148,alpha,eden,eden148@example.com,98.5,2024-05-28
149,beta,frank,frank149@example.com,99.5,2024-05-29
150,gamma,gray,gray150@example.com,50.5,2024-05-30
151,delta,harper,harper151@example.com,51.5,2024-05-31
152,alpha,alex,alex152@example.com,52.5,2024-06-01
153,beta,blake,blake153@example.com,53.5,2024-06-02
154,gamma,casey,casey154@example.com,54.5,2024-06-03
155,delta,drew,drew155@example.com,55.5,2024-06-04
156,alpha,eden,eden156@example.com,56.5,2024-06-05
157,beta,frank,frank157@example.com,57.5,2024-06-06
158,gamma,gray,gray158@example.com,58.5,2024-06-07
159,delta,harper,harper159@example.com,59.5,2024-06-08
160,,alex,alex160@example.com,60.5,2024-06-09
161,beta,blake,blake161@example.com,,2024-06-10
162,gamma,casey,casey162@example.com,62.5,
163,delta,drew,drew163@example.com,63.5,2024-06-12
164,alpha,eden,eden164@example.com,64.5,2024-06-13
165,beta,frank,frank165@example.com,65.5,2024-06-14
166,gamma,gray,gray166@example.com,66.5,2024-06-15
167,delta,harper,harper167@example.com,67.5,2024-06-16
168,alpha,alex,alex168@example.com,68.5,2024-06-17
169,beta,blake,blake169@example.com,69.5,2024-06-18
170,gamma,casey,casey170@example.com,70.5,2024-06-19
171,delta,drew,drew171@example.com,71.5,2024-06-20
172,alpha,eden,eden172@example.com,72.5,2024-06-21
173,beta,frank,frank173@example.com,73.5,2024-06-22
174,gamma,gray,gray174@example.com,74.5,2024-06-23
175,delta,harper,harper175@example.com,75.5,2024-06-24
176,alpha,alex,alex176@example.com,76.5,2024-06-25
177,beta,blake,blake177@example.com,77.5,2024-06-26
178,gamma,casey,casey178@example.com,78.5,2024-06-27
179,delta,drew,drew179@example.com,79.5,2024-06-28
180,,eden,eden180@example.com,80.5,2024-06-29
181,beta,frank,frank181@example.com,,2024-06-30
182,gamma,gray,gray182@example.com,82.5,
183,delta,harper,harper183@example.com,83.5,2024-07-02
184,alpha,alex,alex184@example.com,84.5,2024-07-03
185,beta,blake,blake185@example.com,85.5,2024-07-04
186,gamma,casey,casey186@example.com,86.5,2024-07-05
187,delta,drew,drew187@example.com,87.5,2024-07-06
188,alpha,eden,eden188@example.com,88.5,2024-07-07
189,beta,frank,frank189@example.com,89.5,2024-07-08
190,gamma,gray,gray190@example.com,90.5,2024-07-09
191,delta,harper,harper191@example.com,91.5,2024-07-10
192,alpha,alex,alex192@example.com,92.5,2024-07-11
193,beta,blake,blake193@example.com,93.5,2024-07-12
194,gamma,casey,casey194@example.com,94.5,2024-07-13
195,delta,drew,drew195@example.com,95.5,2024-07-14
196,alpha,eden,eden196@example.com,96.5,2024-07-15
197,beta,frank,frank197@example.com,97.5,2024-07-16
198,gamma,gray,gray198@example.com,98.5,2024-07-17
199,delta,harper,harper199@example.com,99.5,2024-07-18
200,,alex,alex200@example.com,50.5,2024-07-19
